Common.Name,Membership,Type,Date.of.Signature,Date.of.Entry.into.Force,WTO.notified,In.force.status,Annexes.Available
AEC,"Algeria, Angola, Benin, Botswana, Burkina Faso, Burundi, Cameroon, Cape Verde, Central African Republic , Comoros, Congo, Cote d'Ivoire, Djibouti, Egypt, Ethiopia, Equatorial Guinea, Gabon, Gambia, Ghana, Guinea, Guinea Bissau, Kenya, Lesotho, Liberia, Libyan Arab Jamahiriya, Madagascar, Malawi, Mali, Mauritania, Mauritius, Mozambique, Namibia, Niger, Nigeria, Rwanda, Sahrawi, Sao Tome and Principe, Senegal, Seychelles, Sierra Leone, Somalia, Sudan, Swaziland, Tanzania, Tchad, Togo, Tunisia, Uganda, Zaire, Zambia, Zimbabwe",Regional/Plurilateral Free Trade Agreement,06/03/1991,N/A,no,in force,NA
Afghanistan - India,"Afghanistan, India",Bilateral Free Trade Agreement,03/06/2003,05/13/2003,yes,in force,NA
Afghanistan - India,"Afghanistan, India",Bilateral Free Trade Agreement,03/06/2003,05/13/2003,yes,in force,NA
Afghanistan - India,"Afghanistan, India",Bilateral Free Trade Agreement,03/06/2003,N/A,no,unknown,NA
Agadir (Egypt - Jordan - Morocco - Tunisia),"Egypt, Jordan, Morocco, Tunisia",Regional/Plurilateral Free Trade Agreement,02/25/2004,N/A,no,unknown,NA
Albania - Croatia,"Albania, Croatia\r\n",Bilateral Free Trade Agreement,09/27/2002,06/01/2003,yes,expired,NA
Albania - Macedonia (FYROM),"Albania, Macedonia",Bilateral Free Trade Agreement,n/a,07/01/2002,yes,expired,NA
Albania - Moldova,"Albania, Moldova",Bilateral Free Trade Agreement,n/a,N/A,no,,NA
Albania - Turkey,"Albania, Turkey",Bilateral Free Trade Agreement,12/22/2006,05/01/2008,yes,in force,NA
Albania - UNMIK,"Albania, Kosovo",Bilateral Free Trade Agreement,n/a,N/A,no,,NA
Albania-Buglaria,"Albania, Buglaria",Bilateral Free Trade Agreement,n/a,N/A,yes,expired,NA
Albania-Romania,"Albania, Romania",Bilateral Free Trade Agreement,n/a,N/A,yes,expired,NA
Andean Community (CAN),"Bolivia, Colombia, Ecuador, Peru, and Venezuela",Customs Union Primary Agreement,03/10/1996,05/25/1988,yes,in force,NA
Andean Community - Brazil,"Andean Community (Colombia, Ecuador, Peru, Venezuela), Brazil",Association Free Trade Agreement,n/a,N/A,no,expired,NA
Arab Maghreb Union,"Morocco, Tunisia, Algeria, Libya, Mauritania",Regional/Plurilateral Free Trade Agreement,02/17/1989,N/A,no,unknown,NA
Armenia - Georgia,"Republic of Armenia, Republic of Georgia",Bilateral Free Trade Agreement,08/14/1995,11/11/1998,yes,in force,NA
Armenia - Kazakhstan,"Armenia, Kazakhstan\r\n",Bilateral Free Trade Agreement,09/02/1999,12/25/2001,yes,in force,NA
Armenia - Kyrgyz,"Armenia, Kyrgyz",Bilateral Free Trade Agreement,07/04/1994,10/27/1995,yes,in force,NA
Armenia - Moldova,"Armenia, Moldova",Bilateral Free Trade Agreement,12/24/1993,12/21/1995,yes,in force,NA
Armenia - Russia,"Armenia, Russia",Bilateral Free Trade Agreement,09/30/1992,03/25/1993,yes,in force,NA
Armenia - Turkmenistan,"Armenia, Turkmenistan",Bilateral Free Trade Agreement,10/03/1995,07/07/1996,yes,in force,NA
Armenia - Ukraine,"Armenia, Ukraine",Bilateral Free Trade Agreement,10/07/1994,12/18/1996,yes,in force,NA
Armenia-Iran,"Armenia, Iran",Bilateral Free Trade Agreement,05/06/1995,01/18/1997,no,expired,NA
ASEAN  (AFTA),"ASEAN (Brunei Darussalam, Indonesia, Malaysia, Philippines, Singapore, Thailand)",Regional/Plurilateral Free Trade Agreement,01/28/1992,10/30/1992,yes,in force,NA
ASEAN - Australia - New Zealand,"ASEAN (Brunei Darussalam, Indonesia, Malaysia, Philippines, Singapore, Thailand), Australia, New Zealand",Regional/Plurilateral Free Trade Agreement,02/27/2009,07/01/2009,yes,in force,NA
ASEAN - China,"ASEAN (Brunei Darussalam, Cambodia, Indonesia, Lao, Malaysia, Myanmar, Philippines, Singapore, Thailand, Vietnam), China",Bilateral Free Trade Agreement,11/04/2002,07/01/2003,yes,in force,NA
ASEAN - India,"India, ASEAN (Brunei Darussalam, Cambodia, Indonesia, Lao PDR, Malaysia, Myanmar, the Philippines, Singapore, Thailand, Viet Nam)",Bilateral Free Trade Agreement,10/08/2003,N/A,no,unknown,NA
ASEAN - Korea,"ASEAN (Brunei Darussalam, Cambodia, Indonesia, Lao, Malaysia, Myanmar, Philippines, Singapore, Thailand, Vietnam), Korea\r\n \r\n\r\n",Regional/Plurilateral Free Trade Agreement,n/a,07/01/2006,yes,in force,NA
ASEAN - Korea,"ASEAN (Brunei Darussalam, Cambodia, Indonesia, Lao, Malaysia, Myanmar, Philippines, Singapore, Thailand Vietnam),  Korea",Bilateral Free Trade Agreement,12/13/2005,N/A,,signed - not yet in force,NA
ASEAN-Japan,"ASEAN (Brunei Darussalam, Indonesia, Malaysia, Philippines, Singapore, Thailand), Japan",Bilateral Free Trade Agreement,10/08/2003,N/A,yes,in force,NA
Australia - Chile,Australia; Chile,Bilateral Free Trade Agreement,07/30/2008,03/06/2009,yes,in force,NA
Australia - New Zealand (ANZCERTA),"Australia, New Zealand\r\n\r\n\r\n",Bilateral Free Trade Agreement,12/14/1982,01/01/1983,yes,in force,NA
Australia - Papua New Guinea (PATCRA),"Australia, Papua New Guinea",Bilateral Free Trade Agreement,11/06/1976,02/01/1977,yes,in force,NA
Australia - Thailand,"Australia, Thailand",Bilateral Free Trade Agreement,07/05/2004,01/01/2005,yes,in force,NA
Azerbaijan - Georgia,"Azerbaijan, Georgia",Bilateral Free Trade Agreement,03/08/1996,07/10/1996,yes,in force,NA
Azerbaijan - Ukraine,"Azerbaijan, Ukraine\r\n",Bilateral Free Trade Agreement,07/28/1995,09/02/1996,yes,in force,NA
BAFTA Agricultural Goods,"Estonia, Latvia, Lithuania",Regional/Plurilateral Free Trade Agreement,06/16/1996,10/15/1996,yes,expired,NA
BAFTA Industrial Goods,"Estonia, Latvia, Lithuania",Regional/Plurilateral Free Trade Agreement,09/13/1993,04/01/1994,yes,expired,NA
BAFTA Non Tarriff Barriers,"Estonia, Latvia, Lithuania",Regional/Plurilateral Free Trade Agreement,11/20/1997,N/A,yes,expired,NA
Bahrain - Jordan,"Bahrain, Jordan",Bilateral Free Trade Agreement,07/01/2001,N/A,no,unknown,NA
Bangkok Agreement (now APTA) - Accession of China,"Bangladesh, China, India, Korea, Lao, Sri Lanka",Regional/Plurilateral Free Trade Agreement,04/12/2001,01/01/2002,yes,expired,NA
Bangkok Agreement (now known as APTA),"Bangladesh, India, Korea, Laos, Philippines, Sri Lanka, Thailand",Regional/Plurilateral Free Trade Agreement,07/31/1975,06/17/1976,yes,expired,NA
Bangladesh - India,"Bangladesh, India",Bilateral Free Trade Agreement,03/21/2006,04/01/2006,no,unknown,NA
Belarus - Ukraine,"Belarus, Ukraine",Bilateral Free Trade Agreement,12/17/1992,11/11/2006,yes,in force,NA
Bhutan-India,"Bhutan, India",Bilateral Free Trade Agreement,07/28/2006,07/29/2006,yes,in force,NA
BIMST-EC,"BIMST-EC (Bhutan, India, Myanmar, Nepal, Sri Lanka, Thailand)",Framework Agreement,n/a,N/A,no,,NA
Bolivia - Chile,"Bolivia, Chile",Bilateral Free Trade Agreement,04/06/1993,01/01/1995,no,in force,NA
Bosnia and Herzegovina - Croatia,"Bosnia and Herzegovina, Croatia",Bilateral Free Trade Agreement,12/19/2000,11/26/2003,yes,expired,NA
Bosnia and Herzegovina - Romania,"Bosnia and Herzegovina, Romania",Regional/Plurilateral Free Trade Agreement,n/a,07/15/2002,yes,expired,NA
Bosnia and Herzegovina - Slovenia,"Bosnia and Herzegovina, Slovenia",Bilateral Free Trade Agreement,10/03/2001,01/01/2002,yes,expired,NA
Bosnia-Herzegovina - Macedonia (FYROM),"Bosnia and Herzegovina, Macedonia",Regional/Plurilateral Free Trade Agreement,n/a,07/01/2002,yes,expired,NA
Brunei Darussalam - Japan,"Brunei Darussalam, Japan",Bilateral Free Trade Agreement,06/18/2007,07/31/2008,yes,in force,NA
Bulgaria - Bosnia and Herzegovina,"Bulgaria, Bosnia and Herzegovina\r\n",Bilateral Free Trade Agreement,10/16/2003,12/01/2004,yes,expired,NA
Bulgaria - Estonia,"Bulgaria, Estonia",Bilateral Free Trade Agreement,12/11/2001,01/01/2002,yes,expired,NA
Bulgaria - Israel,"Bulgaria, Israel",Bilateral Free Trade Agreement,06/08/2001,01/01/2002,yes,expired,NA
Bulgaria - Latvia,"Bulgaria, Latvia",Bilateral Free Trade Agreement,10/16/2002,12/19/2002,yes,expired,NA
Bulgaria - Lithuania,"Bulgaria, Lithuania",Bilateral Free Trade Agreement,05/08/2001,N/A,yes,expired,NA
Bulgaria - Macedonia,"Bulgaria, Macedonia",Bilateral Free Trade Agreement,10/13/1999,01/01/2000,yes,expired,NA
Bulgaria - Turkey,"Bulgaria, Turkey",Bilateral Free Trade Agreement,07/11/1998,01/01/1999,yes,expired,NA
Canada - Chile,"Canada, Chile",Bilateral Free Trade Agreement,12/05/1996,07/05/1997,yes,in force,NA
Canada - Colombia,"Canada, Colombia\r\n",Bilateral Free Trade Agreement,n/a,N/A,,,NA
Canada - Costa Rica,"Canada, Costa Rica",Bilateral Free Trade Agreement,04/23/2001,11/01/2002,yes,in force,NA
Canada - EFTA,"Canada, EFTA (Iceland, Lichtenstein, Norway, Switzerland),",Bilateral Free Trade Agreement,01/26/2008,07/01/2009,yes,in force,NA
Canada - Israel,"Canada, Israel",Bilateral Free Trade Agreement,07/31/1996,01/01/1997,yes,in force,NA
Canada - Peru,"Canada, Peru",Bilateral Free Trade Agreement,05/29/2008,08/01/2009,yes,in force,NA
CARICOM,"Antigua, Bahamas, Barbados, Belize, Dominica, Grenada, Guyana, Jamaica, Montserrat, St. Kitts-Nevis-Anguilla, St. Lucia, St. Vincent, Trinidad and Tobago\r\n\r\n\r\n",Customs Union Primary Agreement,07/04/1973,08/01/1973,yes,in force,NA
CARICOM - Colombia,"Caribbean Community, Colombia",Bilateral Free Trade Agreement,07/24/1994,N/A,no,unknown,NA
CARICOM - Costa Rica,"Antigua and Barbuda, Barbados, Belize, Dominica, Grenada, Guyana, Jamaica, St. Kitts and Nevis, Saint Lucia, St. Vincent and the Grenadines, Suriname and Trinidad and Tobago, Costa Rica",Regional/Plurilateral Free Trade Agreement,03/09/2004,N/A,no,unknown,NA
CARICOM - Cuba,"Antigua and Barbuda; Bahamas; Barbados; Belize; Dominica; Grenada; Guyana; Haiti; Jamaica; Montserrat; Saint Kitts and Nevis; Saint Lucia; Saint Vincent and the Grenadines; Suriname; Trinidad and Tobago, Cuba",Regional/Plurilateral Free Trade Agreement,07/05/2000,01/01/2001,no,in force,NA
CARICOM - Dominican Republic,"CARICOM(Antigua and Barbuda, Barbados, Belize, Dominica, Grenada, Guyana, Jamaica, Montserrat, St. Kitts and Nevis, Saint Lucia, St. Vincent and the Grenadines, Suriname and Trinidad and Tobago), Dominican Republic",Regional/Plurilateral Free Trade Agreement,08/22/1998,01/01/1999,no,in force,NA
CARICOM - Venezuela,"Antigua and Barbuda; Bahamas; Barbados; Belize; Dominica; Grenada; Guyana; Haiti; Jamaica; Montserrat; Saint Kitts and Nevis; Saint Lucia; Saint Vincent and the Grenadines; Suriname; Trinidad and Tobago, Venezuela",Regional/Plurilateral Free Trade Agreement,10/13/1992,N/A,no,signed - not yet in force,NA
CEFTA,"Czech Republic, Hungary, Poland, Slovakia",Regional/Plurilateral Free Trade Agreement,12/21/1992,07/01/1994,yes,expired,NA
CEFTA - Croatia,"CEFTA(Bulgaria, Croatia, Czech Republic, Hungary, Poland, Romania, Slovak Republic and Slovenia), Croatia",Association Free Trade Agreement,12/05/2002,03/01/2003,yes,in force,NA
CEFTA 2006,"Albania, Bosnia & Herzegovina, Bulgaria, Croatia, Macedonia, Moldova, Montenegro, Romania, Serbia\r\n\r\n\r\n\r\n\r\n\r\n",Regional/Plurilateral Free Trade Agreement,12/19/2006,05/01/2007,yes,in force,NA
CEFTA Accession of Bulgaria,"CEFTA (Czech Republic, Hungary, Poland, Romania, Slovak Republic, Slovenia), Bulgaria",Regional/Plurilateral Free Trade Agreement,n/a,01/01/1999,yes,expired,NA
CEFTA Accession of Croatia,"Bulgaria, Croatia, Czech Republic, Hungary, Poland, Romania, Slovak Republic and Slovenia",Regional/Plurilateral Free Trade Agreement,12/05/2002,03/01/2003,yes,in force,NA
CEFTA Accession of Romania,"CEFTA (Czech Republic, Hungary, Poland, Slovak Republic, Slovenia), Romania",Regional/Plurilateral Free Trade Agreement,04/12/1997,07/01/1997,yes,expired,NA
CEFTA Accession of Slovenia,"CEFTA (Czech Republic, Hungary, Poland, Slovak Republic), Slovenia",Regional/Plurilateral Free Trade Agreement,11/25/1995,N/A,yes,expired,NA
CEMAC,"Cameroun, Centrafricaine, Congo, Gabonaise, Guinée Équatoriale, Tchad",Regional/Plurilateral Free Trade Agreement,03/16/1994,06/24/1999,yes,in force,NA
Central America - Dominican Republic - United States (CAFTA -DR),"Costa Rica, Dominican Republic, El Salvador, Guatemala, Honduras, Nicaragua, United States",Association Free Trade Agreement,08/01/2004,03/01/2006,yes,in force,NA
Central America - Mexico,"El Salvador, Guatemala, Honduras, Mexico",Regional/Plurilateral Free Trade Agreement,06/29/2000,03/15/2001,no,in force,NA
Central American Common Market (CACM),"El Salvador, Guatemala, Honduras, Nicaragua",Regional/Plurilateral Free Trade Agreement,12/13/1960,10/12/1961,yes,in force,NA
CEPGL,"Burundi, Rwanda, Zaire\r\n\r\n\r\n\r\n\r\n",Regional/Plurilateral Free Trade Agreement,09/20/1976,N/A,no,unknown,NA
Chile - China,Chile; China,Bilateral Free Trade Agreement,12/05/1996,07/05/1997,yes,in force,NA
Chile - Colombia,"Chile, Colombia",Bilateral Free Trade Agreement,12/06/1993,N/A,no,in force,NA
Chile - Costa Rica (Central America) (English),"Chile, Costa Rica",Bilateral Free Trade Agreement,10/18/1999,02/15/2002,yes,in force,NA
Chile - Costa Rica (Central America) (Spanish),"Chile, Costa Rica, El Salvador, Guatemala, Honduras, Nicaragua",Regional/Plurilateral Free Trade Agreement,10/18/1999,02/15/2002,yes,in force,NA
Chile - El Salvador (Central America),"Chile, Costa Rica, El Salvador, Guatemala, Honduras, Nicaragua",Bilateral Free Trade Agreement,01/29/2004,01/01/2002,yes,in force,NA
Chile - India,"Chile, India",Regional/Plurilateral Free Trade Agreement,03/08/2006,08/17/2007,yes,in force,NA
Chile - Japan,"Chile, Japan",Bilateral Free Trade Agreement,03/27/2007,09/03/2007,yes,in force,NA
Chile - Korea,"Chile, Korea",Bilateral Free Trade Agreement,02/01/2003,04/01/2004,yes,in force,NA
Chile - Mexico,"Chile, Mexico",Bilateral Free Trade Agreement,04/17/1998,08/01/1999,yes,in force,NA
Chile - Panama,"Chile, Panama",Bilateral Free Trade Agreement,06/27/2006,03/07/2008,yes,in force,NA
Chile - Peru,"Chile, Peru",Bilateral Free Trade Agreement,06/20/1998,N/A,no,in force,NA
Chile - Venezuela,"Chile, Venezuela",Bilateral Free Trade Agreement,04/02/1993,N/A,no,in force,NA
China - Hong Kong (CEPA),"China, Hong Kong",Bilateral Free Trade Agreement,06/29/2003,01/01/2004,yes,in force,NA
China - India,"China, India",Bilateral Free Trade Agreement,08/15/1984,08/15/1984,no,unknown,NA
China - Macao,"China, Macao",Bilateral Free Trade Agreement,10/17/2003,01/01/2004,yes,in force,NA
China - New Zealand,"China, New Zealand",Bilateral Free Trade Agreement,04/07/2008,10/01/2008,yes,in force,NA
China - Nicaragua,"China (Taiwan), Nicaragua",Bilateral Free Trade Agreement,06/16/2006,N/A,no,unknown,NA
China - Pakistan,"Pakistan, China",Bilateral Free Trade Agreement,11/24/2006,07/01/2007,yes,in force,NA
China - Peru,"China, Peru",Bilateral Free Trade Agreement,04/28/2009,03/01/2010,yes,in force,NA
China - Singapore,"China, Singapore",Bilateral Free Trade Agreement,10/23/2008,01/01/2009,yes,in force,NA
Common Economic Zone,"Belarus, Kazakhstan, Russia, Ukraine",Association Free Trade Agreement,09/19/2003,05/20/2004,yes,in force,NA
Common Market for Eastern and Southern Africa (COMESA),"Angola, Burundi, Comoros, Congo, Djibouti, Egypt, Eritrea, Ethiopia, Kenya, Madagascar, Malawi, Mauritius, Namibia, Rwanda, Seychelles, Sudan, Swaziland, Tanzania, Uganda, Zambia, Zimbabwe",Regional/Plurilateral Free Trade Agreement,11/05/1993,12/08/1994,yes,in force,NA
Commonwealth of Independent States (CIS) Free Trade Agreement,"Armenia, Azerbaijan, Belarus, Georgia, Kazakhstan, Kyrgyzstan, Moldova, Russian Federation, Tajikistan, Ukraine, Uzbekistan",Regional/Plurilateral Free Trade Agreement,n/a,N/A,yes,in force,NA
Costa Rica - Mexico,"Costa Rica, Mexico",Bilateral Free Trade Agreement,04/05/1994,01/01/1995,yes,in force,NA
Costa Rica - Panama,"Costa Rica, Panama",Bilateral Free Trade Agreement,n/a,N/A,no,unknown,NA
Croatia - Lithuania,"Croatia, Lithuania",Bilateral Free Trade Agreement,10/24/2002,05/01/2003,no,in force,NA
Croatia - Macedonia (FYROM),"Croatia, Macedonia(Former Yugoslav Republic of Macedonia)",Bilateral Free Trade Agreement,n/a,N/A,yes,expired,NA
Croatia - Moldova,"Croatia, Moldova",Bilateral Free Trade Agreement,02/27/2004,10/01/2004,yes,in force,NA
Croatia - Serbia - Montenegro,"Croatia, Serbia, Montenegro",Association Free Trade Agreement,n/a,N/A,yes,expired,NA
Croatia - Slovenia,"Croatia, Slovenia",Bilateral Free Trade Agreement,12/12/1997,01/27/1999,yes,expired,NA
Croatia - Turkey,"Croatia, Turkey",Bilateral Free Trade Agreement,03/13/2002,07/01/2003,yes,in force,NA
Croatia-Bosnia-Herzegovina,"Bosnia, Croatia, Herzegovina",Regional/Plurilateral Free Trade Agreement,12/19/2000,N/A,yes,expired,NA
Czech Republic - Estonia,"Czech Republic, Estonia",Bilateral Free Trade Agreement,n/a,N/A,yes,expired,NA
Czech Republic - Israel,"Czech Republic, Israel",Bilateral Free Trade Agreement,n/a,N/A,yes,expired,NA
Czech Republic - Latvia,"Czech Republic, Latvia",Bilateral Free Trade Agreement,n/a,N/A,yes,expired,NA
Czech Republic - Lithuania,"Czech Republic, Lithuania",Bilateral Free Trade Agreement,n/a,N/A,yes,expired,NA
Czech Republic - Slovakia,"Czech Republic, Slovakia",Bilateral Free Trade Agreement,n/a,N/A,yes,expired,NA
Czech Republic - Turkey,"Czech Republic, Turkey",Bilateral Free Trade Agreement,n/a,N/A,yes,expired,NA
Dominican Republic - Panama,"Panama, Dominican Republic",Bilateral Free Trade Agreement,n/a,N/A,no,in force,NA
East African Community,"Kenya, Tanzania, Uganda, Burundi, Rwanda\r\n\r\n\r\n\r\n\r\n",Regional/Plurilateral Free Trade Agreement,11/30/1999,07/07/2000,yes,in force,NA
EC (10) Enlargement,"European Community (Belgium, Denmark, France, Germany, Ireland, Italy, Luxembourg, Netherlands, United Kingdom), Greece",Customs Union Accession Agreement,05/28/1979,01/01/1981,yes,in force,NA
EC (12) Enlargement,"European Community (Belgium, Denmark, France, Germany, Greece, Ireland, Italy, Luxembourg, Netherlands, United Kingdom), Portugal, Spain\r\n\r\n\r\n",Customs Union Accession Agreement,06/12/1985,01/01/1986,yes,in force,NA
EC (15) Enlargement,"European Community (Belgium, Denmark, France, Germany, Greece, Ireland, Italy, Luxembourg, Netherlands, Portugal, Spain, United Kingdom), Norway, Austria, Finland, Sweden",Customs Union Accession Agreement,06/24/1994,01/01/1995,yes,in force,NA
EC (25) Enlargement,"European Community (Austria, Belgium, Denmark, Germany, Greece, Finland, France, Ireland, Italy, Luxembourg, Netherlands, Portugal, Spain, Sweden, United Kingdom), Czech Republic, Cyprus, Estonia, Hungary, Latvia, Lithuania,  Malta, Poland, Slovenia, Slovak Republic",Customs Union Accession Agreement,04/16/2003,05/01/2004,yes,in force,NA
EC (27) Enlargement,"European Community (Austria, Belgium, Czech Republic, Cyprus, Denmark, Estonia, Germany, Greece, Finland, France, Hungary, Ireland, Italy, Latvia, Lithuania, Luxembourg, Malta, Netherlands, Poland, Portugal, Slovenia, Slovak Republic, Spain, Sweden, United Kingdom), Bulgaria, Romania\r\n",Customs Union Accession Agreement,04/25/2005,01/01/2007,yes,in force,NA
EC (9) Enlargement,Belgium; Denmark; France; Germany; Ireland; Italy; Luxembourg; Netherlands; United Kingdom,Customs Union Accession Agreement,01/22/1972,01/01/1973,yes,in force,NA
EC (Treaty of Rome),"Austria, Belgium, Denmark, Germany, Greece, Finland, France, Ireland, Italy, Luxembourg, Netherlands, Portugal, Spain, Sweden, United Kingdom",Customs Union Primary Agreement,03/25/1957,01/01/1958,yes,in force,NA
EC - Albania,"European Community (Austria, Belgium, Denmark, Finland France, Germany, Greece, Ireland, Italy, Luxemburg, Netherlands, Portugal, Spain Sweden, United Kingdom), Albania",Regional/Plurilateral Free Trade Agreement,06/12/2006,12/01/2006,yes,in force,NA
EC - Algeria,"European Community (Austria, Belgium, Denmark, Finland France, Germany, Greece, Ireland, Italy, Luxemburg, Netherlands, Portugal, Spain Sweden, United Kingdom), Algeria\r\n\r\n",Association Free Trade Agreement,04/26/1976,07/01/1976,yes,in force,NA
EC - Andorra,"European Community (Austria, Belgium, Denmark, Finland, France, Germany, Greece, Ireland, Italy, Luxembourg, Netherlands, Portugal, Spain, Sweden, United Kingdom), Andorra",Bilateral Free Trade Agreement,06/28/1990,07/01/1991,yes,in force,NA
EC - Bosnia - Herzegovina,"European Community (Austria, Belgium, Bulgaria, Cyprus, Czech Republic, Denmark, Estonia, Finland, France, Germany, Greece, Hungary, Ireland, Italy, Latvia, Lithuania, Luxembourg, Malta, Netherlands, Poland, Portugal, Romania, Slovak Republic, Slovenia, Spain, Sweden, United Kingdom),\r\nBosnia and Herzegovina",Bilateral Free Trade Agreement,06/16/2008,07/01/2008,yes,in force,NA
EC - Bulgaria,"European Community (Belgium, Denmark, Germany, Greece, Spain, France, Ireland, Italy, Luxembourg, Netherlands, Portugal, United Kingdom), Bulgaria",Association Free Trade Agreement,n/a,12/31/1993,yes,in force,NA
EC - Cameroon,"European Community (Austria; Belgium; Bulgaria; Cyprus; Czech Republic; Denmark; Estonia; Finland; France; Germany; Greece; Hungary; Ireland; Italy; Latvia; Lithuania; Luxembourg; Malta; Netherlands; Poland; Portugal; Romania; Slovak Republic; Slovenia; Spain; Sweden; United Kingdom), Cameroon",Bilateral Free Trade Agreement,01/15/2009,10/01/2009,yes,in force,NA
EC - CARIFORUM States EPA,CARIFORUM States (Antigua and Barbuda; Bahamas; Barbados; Belize; Dominica; Dominican Republic; Grenada; Guyana; Jamaica; Saint Kitts and Nevis; Saint Lucia; Saint Vincent and the Grenadines; Suriname; Trinidad and Tobago)and European Community (Austria; Belgium; Bulgaria; Cyprus; Czech Republic; Denmark; Estonia; Finland; France; Germany; Greece; Hungary; Ireland; Italy; Latvia; Lithuania; Luxembourg; Malta; Netherlands; Poland; Portugal; Romania; Slovak Republic; Slovenia; Spain; Sweden; United Kingdom;),Bilateral Free Trade Agreement,10/15/2008,11/01/2008,yes,in force,NA
EC - Chile,"European Community (Austria, Belgium, Denmark, Germany, Finland, France, Greece, Ireland, Italy, Luxembourg, Netherlands, Portugal, Spain, Sweden, United Kingdom), Chile\r\n\r\n",Association Free Trade Agreement,04/26/2002,02/01/2003,yes,in force,NA
EC - Cote d'Ivoire,"European Community (Austria, Belgium, Bulgaria, Cyprus, Czech Republic, Denmark, Germany, Estonia, Finland, France, Greece, Hungary, Ireland, Italy, Latvia, Lithuania, Luxembourg, Malta, Netherlands, Poland, Portugal, Romania, Slovak Republic, Slovenia, Spain, Sweden, United Kingdom), Cote d'Ivoire",Bilateral Free Trade Agreement,11/26/2008,01/01/2009,yes,in force,NA
EC - Croatia,"European Community (Austria, Belgium, Bulgaria, Cyprus, Czech Republic, Denmark, Estonia, Finland, France, Germany, Greece, Hungary, Ireland, Italy, Latvia, Lithuania, Luxembourg, Malta, Netherlands, Poland, Portugal, Romania, Slovak Republic, Slovenia, Spain, Sweden, United Kingdom), Croatia",Association Free Trade Agreement,10/29/2001,03/01/2002,yes,in force,NA
EC - Cyprus,"European Community (Belgium, Denmark, France, Germany, Greece, United Kingdom, Ireland, Italy, Luxembourg, Netherlands, Portugal, Spain), Cyprus",Association Free Trade Agreement,12/19/1972,06/01/1973,yes,in force,NA
EC - Czech Republic,"European Community (Austria, Belgium, Denmark, Finland, France, Germany, Greece, Ireland, Italy, Luxembourg, Netherlands, Portugal, Spain, Sweden, United Kingdom), Czech Republic\r\n\r\n",Association Free Trade Agreement,n/a,03/01/1992,yes,in force,NA
EC - Egypt,"EC, Egypt\r\n\r\n",Association Free Trade Agreement,12/18/1972,06/01/1977,yes,in force,NA
EC - Estonia,"European Community, European Atomic Energy Community, European Coal and Steel Community, Estonia",Association Free Trade Agreement,07/18/1994,01/01/1995,yes,in force,NA
EC - Faroe Islands,"European Community (Austria, Belgium, Denmark, Finland, France, Germany, Greece, Ireland, Italy, Luxembourg, Netherlands, Portugal, Spain, Sweden, United Kingdom), Faroe Islands\r\n",Association Free Trade Agreement,12/06/1996,01/01/1997,yes,in force,NA
EC - FYROM,"European Community ((Austria, Belgium, Denmark, Finland, France, Germany, Greece, Ireland, Italy, Luxembourg, Netherlands, Portugal, Spain, Sweden, United Kingdom), Former Yugoslav Republic of Macedonia",Association Free Trade Agreement,04/29/1997,06/01/2001,yes,in force,NA
EC - Hungary,"European Community (Belgium, Denmark, France, Germany, Greece, United Kingdom, Ireland, Italy, Luxembourg, Netherlands, Portugal, Spain), Hungary",Association Free Trade Agreement,12/16/1991,03/01/1992,yes,in force,NA
EC - Iceland,"European Community (Belgium, Denmark, France, Germany, Greece, United Kingdom, Ireland, Italy, Luxembourg, Netherlands, Portugal, Spain), Iceland",Association Free Trade Agreement,07/22/1972,04/01/1973,yes,in force,NA
EC - Israel,"European Community (Austria, Belgium, Denmark, Finland, France, Germany, Greece, Ireland, Italy, Luxembourg, Netherlands, Northern Ireland, Portugal, Spain, Sweden, United Kingdom), Israel\r\n\r\n",Association Free Trade Agreement,11/20/1995,01/01/2000,yes,in force,NA
EC - Jordan,"European Community (Belgium, Denmark, Germany, Greece, Spain, Ireland, Italy, Luxembourt, The Netherlands, Austria, Portugal, Finland, Sweden, United Kingdom of Great Britain and Northern Ireland), Jordan",Association Free Trade Agreement,11/24/1997,05/01/2002,yes,in force,NA
EC - Latvia,"European Community (Austria, Belgium, Denmark, Finland, France, Germany, Greece, Ireland, Italy, Luxembourg, Netherlands, Portugal, Spain, Sweden, United Kingdom), Latvia",Association Free Trade Agreement,n/a,01/01/1995,yes,in force,NA
EC - Lebanon,"European Community (Belgium, Denmark, France, Germany, Ireland, Italy, Luxembourg, Netherlands, United Kingdom), Lebanon",Association Free Trade Agreement,05/03/1977,07/01/1977,yes,expired,NA
EC - Lebanon (Updated),"European Community (Austria; Belgium; Bulgaria; Cyprus; Czech Republic; Denmark; Estonia; Finland; France; Germany; Greece; Hungary; Ireland; Italy; Latvia; Lithuania; Luxembourg; Malta; Netherlands; Poland; Portugal; Romania; Slovak Republic; Slovenia; Spain; Sweden; United Kingdom), Lebanon\r\n\r\n",Association Free Trade Agreement,06/17/2002,03/01/2003,yes,in force,NA
EC - Lithuania,"European Community (Austria, Belgium, Denmark, Finland, France, Germany, Greece, Ireland, Italy, Luxembourg, Netherlands, Portugal, Spain, Sweden, United Kingdom), Lithuania",Association Free Trade Agreement,n/a,01/01/1995,yes,in force,NA
EC - Malta (English Version/Version Anglaise),"European Community (Austria, Belgium, Denmark, Finland France, Germany, Greece, Ireland, Italy, Luxemburg, Netherlands, Portugal, Spain Sweden, United Kingdom), Malta\r\n\r\n",Association Free Trade Agreement,12/05/1970,04/01/1971,yes,expired,NA
EC - Malta (French Version/Version Française),"Communauté européenne (Autriche, Belgique, Danemark, Finlande, France, Allemagne, Grèce, Irelande, Italie, Luxembourg, Pays-Bas, Portugal, Espagne, Suède, Royaume-Uni), Malte\r\n\r\n",Association Free Trade Agreement,12/05/1970,04/01/1971,yes,in force,NA
EC - Mexico,"European Community (Austria, Belgium, Denmark, Finland, France, Germany, Greece, Ireland, Italy, Luxembourg, Netherlands, Portugal, Spain, Sweden, United Kingdom), Mexico",Association Free Trade Agreement,03/23/2000,07/01/2000,yes,in force,NA
EC - Montenegro,European Community (Austria; Belgium; Bulgaria; Cyprus; Czech Republic; Denmark; Estonia; Finland; France; Germany; Greece; Hungary; Ireland; Italy; Latvia; Lithuania; Luxembourg; Malta; Netherlands; Poland; Portugal; Romania; Slovak Republic; Slovenia; Spain; Sweden; United Kingdom;) and Montenegro\r\n\r\n,Bilateral Free Trade Agreement,10/15/2007,01/01/2008,yes,in force,NA
EC - Morocco,"European Communitiy (Austria, Belgium, Denmark, Finland, France, Germany, Greece, Ireland, Italy, Luxembourg, Netherlands, Portugal, Spain, Sweden, United Kingdom), Morocco",Association Free Trade Agreement,02/26/1996,03/01/2000,yes,in force,NA
EC - Norway,"European Community (Austria, Belgium, Denmark, Finland, France, Germany, Greece, Ireland, Italy, Luxembourg, Netherlands, Portugal, Spain, Sweden, United Kingdom), and Norway",Association Free Trade Agreement,05/14/1973,07/01/1973,yes,in force,NA
EC - OCT,"European Community (Austria, Belgium, Bulgaria, Cyprus, Czech Republic, Denmark, Estonia, Finland, France, Germany, Greece, Hungary, Ireland, Italy, Latvia, Lithuania, Luxembourg, Malta, Netherlands, Poland, Portugal, Romania, Slovak Republic, Slovenia, Spain, Sweden, United Kingdom),  Overseas Countries and Territories (Anguilla, Aruba, British Indian Ocean Territory, Cayman Islands, Falkland Islands (Islas Malvinas), French Polynesia, French Southern Territories, Greenland, Mayotte, Montserrat, Netherlands Antilles, New Caledonia, Pitcairn, Saint Helena, Saint Pierre and Miquelon, South Georgia and the South Sandwich Islands, Turks and Caicos Islands, Virgin Islands, British, Wallis and Futuna Islands)\r\n",Association Free Trade Agreement,n/a,01/01/1971,yes,in force,NA
EC - PLO (Palestine Liberation Organization),"European Community (Austria; Belgium; Bulgaria; Cyprus; Czech Republic; Denmark; Estonia; Finland; France; Germany; Greece; Hungary; Ireland; Italy; Latvia; Lithuania; Luxembourg; Malta; Netherlands; Poland; Portugal; Romania; Slovak Republic; Slovenia; Spain; Sweden; United Kingdom), Palestine Liberation Organization",Association Free Trade Agreement,n/a,07/01/1997,yes,in force,NA
EC - Poland,"European Community (Belgium, Denmark, France, Germany, Greece, Ireland, Italy, Luxembourg, Netherlands, Portugal, Spain, United Kingdom), Poland\r\n",Association Free Trade Agreement,12/16/1991,03/01/1992,yes,in force,NA
EC - Romania,"European Community (Belgium, Denmark, Germany, Greece, Spain, France, Ireland, Italy, Luxembourg, The Netherlands, Portugal, United Kingdom), Romania",Association Free Trade Agreement,02/01/1993,06/01/1993,yes,in force,NA
EC - San Marino,Austria; Belgium; Bulgaria; Cyprus; Czech Republic; Denmark; Estonia; Finland; France; Germany; Greece; Hungary; Ireland; Italy; Latvia; Lithuania; Luxembourg; Malta; Netherlands; Poland; Portugal; Romania; Slovak Republic; Slovenia; Spain; Sweden; United Kingdom; San Marino\r\n\r\n\r\n\r\n\r\n,Bilateral Free Trade Agreement,12/16/1991,04/01/2002,yes,in force,NA
EC - Slovak Republic,"European Community (Belgium, Denmark, France, Germany, Greece, Italy, Luxembourg, Netherlands, Portugal, Spain, United Kingdom), Slovak Republic",Association Free Trade Agreement,n/a,03/01/1992,yes,in force,NA
EC - Slovenia,"European Community (Austria, Belgium, Denmark, Finland, France, Germany, Greece, Ireland, Italy, Luxembourg, Netherlands, Portugal, Spain, Sweden, United Kingdom), Slovenia",Association Free Trade Agreement,04/05/1993,01/01/1997,yes,in force,NA
EC - South Africa,"European Community (Austria, Belgium, Denmark, Finland, France, Germany, Greece, Ireland, Italy, Luxembourg, Netherlands, Portugal, Spain, Sweden, United Kingdom), South Africa",Association Free Trade Agreement,10/11/1999,01/01/2000,yes,in force,NA
EC - Switzerland and Liechtenstein,"European Community (Austria; Belgium; Bulgaria; Cyprus; Czech Republic; Denmark; Estonia; Finland; France; Germany; Greece; Hungary; Ireland; Italy; Latvia; Lithuania; Luxembourg; Malta; Netherlands; Poland; Portugal; Romania; Slovak Republic; Slovenia; Spain; Sweden; United Kingdom), Switzerland, Liechtenstein",Association Free Trade Agreement,07/22/1972,01/01/1973,yes,in force,NA
EC - Syria,"European Community (Belgium, Denmark, France, Germany, Ireland, Italy, Luxembourg, Netherlands, United Kingdom), Syria\r\n\r\n\r\n",Association Free Trade Agreement,01/08/1977,07/01/1977,yes,in force,NA
EC - Tunisia,EC(Austria; Belgium; Bulgaria; Cyprus; Czech Republic; Denmark; Estonia; Finland; France; Germany; Greece; Hungary; Ireland; Italy; Latvia; Lithuania; Luxembourg; Malta; Netherlands; Poland; Portugal; Romania; Slovak Republic; Slovenia; Spain; Sweden; United Kingdom;) and Tunisia\r\n\r\n\r\n\r\n\r\n\r\n,Bilateral Free Trade Agreement,07/07/1995,03/01/1998,yes,in force,NA
EC - Turkey,"European Community (Austria, Belgium, Denmark, Finland, France, Germany, Greece, Ireland, Italy, Luxembourg, Netherlands, Portugal, Spain, Sweden, United Kingdom), Turkey",Customs Union Primary Agreement,n/a,01/01/1996,yes,in force,NA
ECCAS,"Angola, Burundi, United Republic of Cameroon,\r\nCentral African Republic, People’s Republic of the Congo, Gabonese Republic, Republic of Equatorial Guinea, Rwanda, Republic of Sao Tome and Principe, Republic of Chad, Republic of Zaire",Regional/Plurilateral Free Trade Agreement,10/18/1983,10/18/1993,no,in force,NA
Economic Cooperation Organization,"Afghanistan, Azerbaijan, Iran, Kazakhstan, Kyrgyz Republic, Pakistan, Tajikistan, Turkey, Turkmenistan, Uzbekistan",Regional/Plurilateral Free Trade Agreement,07/17/2003,02/17/1992,yes,in force,NA
ECOWAS,Benin; Burkina Faso; Cape Verde; Côte d'Ivoire; Gambia; Ghana; Guinea; Guinea Bissau; Liberia; Mali; Niger; Nigeria; Senegal; Sierra Leone; Togo,Regional/Plurilateral Free Trade Agreement,07/24/1993,07/24/1993,yes,in force,NA
EEA,European Economic Area (Austria; Belgium; Denmark; Finland; France; Germany; Greece; Iceland; Ireland; Italy; Liechtenstein;  Luxembourg; Netherlands; Norway; Portugal; Spain; Sweden; United Kingdom),Regional/Plurilateral Free Trade Agreement,05/02/1992,01/01/1994,yes,in force,NA
EFTA (Stockholm Convention),Austria; Denmark; Norway; Portugal; Sweden; Switzerland; United Kingdom,Regional/Plurilateral Free Trade Agreement,01/04/1960,05/03/1960,yes,in force,NA
EFTA - Bulgaria,"EFTA (Iceland, Liechtenstein, Norway, Switzerland), Bulgaria",Association Free Trade Agreement,03/29/1993,07/01/1993,yes,in force,NA
EFTA - Chile,"EFTA (Iceland, Liechtenstein, Norway, Switzerland), Chile",Regional/Plurilateral Free Trade Agreement,06/26/2003,02/01/2004,yes,in force,NA
EFTA - Colombia,"Colombia, Iceland, Liechtenstein, Norway, Switzerland\r\n\r\n\r\n\r\n\r\n",Bilateral Free Trade Agreement,11/25/2008,N/A,no,unknown,NA
EFTA - Croatia,"EFTA (Iceland, Liechtenstein, Norway, Switzerland), Croatia",Association Free Trade Agreement,06/21/2001,01/01/2002,yes,in force,NA
EFTA - Czech Republic\n,"EFTA(Iceland, Liechtenstein, Norway, Switzerland), Czech Republic",Association Free Trade Agreement,n/a,07/01/1992,yes,in force,NA
EFTA - Egypt,"EFTA (Iceland; Liechtenstein; Norway; Switzerland), Egypt",Regional/Plurilateral Free Trade Agreement,01/27/2007,08/01/2007,yes,in force,NA
EFTA - Estonia,"EFTA (Iceland, Liechtenstein, Norway, Switzerland), Estonia",Association Free Trade Agreement,12/07/1995,06/01/1996,yes,in force,NA
EFTA - Hungary,"EFTA (Iceland, Liechtenstein, Norway, Switzerland), Hungary",Association Free Trade Agreement,03/29/1993,10/01/1993,yes,in force,NA
EFTA - Israel,"EFTA (Iceland, Liechtenstein, Norway, Switzerland), Israel",Association Free Trade Agreement,09/17/1992,01/01/1993,yes,in force,NA
EFTA - Jordan,"EFTA (Iceland, Liechtenstein, Norway, Switzerland), Jordan",Association Free Trade Agreement,06/21/2001,01/01/2002,yes,in force,NA
EFTA - Korea,"EFTA (Iceland, Liechtenstein, Norway and Switzerland), The Republic of Korea\r\n",Association Free Trade Agreement,12/15/2005,07/01/2006,yes,in force,NA
EFTA - Latvia\n,"EFTA (Iceland, Liechtenstein, Norway, Switzerland), Latvia",Association Free Trade Agreement,12/07/1995,06/01/1996,yes,in force,NA
EFTA - Lebanon,"EFTA (Iceland, Liechtenstein, Norway, Switzerland) and Lebanon\r\n",Bilateral Free Trade Agreement,06/24/2004,01/01/2007,yes,in force,NA
EFTA - Lithuania,"EFTA (Iceland, Liechtenstein, Norway, Switzerland), Lithuania",Association Free Trade Agreement,12/07/1995,08/01/1996,yes,in force,NA
EFTA - Mexico,"EFTA (Iceland, Liechtenstein, Norway, Switzerland), Mexico",Bilateral Free Trade Agreement,11/27/2000,07/01/2001,yes,in force,NA
EFTA - Morocco,"EFTA (Iceland, Liechtenstein, Norway, Switzerland), Morocco\r\n\r\n",Association Free Trade Agreement,06/19/1997,12/01/1999,yes,in force,NA
EFTA - PLO,"EFTA (Iceland, Liechtenstein, Norway, Switzerland), Palestine Liberation Organization",Regional/Plurilateral Free Trade Agreement,11/30/1998,07/01/1999,yes,in force,NA
EFTA - Poland,"EFTA (Iceland, Liechtenstein, Norway, Switzerland), Poland",Association Free Trade Agreement,12/10/1992,11/15/1993,yes,in force,NA
EFTA - Romania,"EFTA (Iceland, Liechtenstein, Norway, Switzerland), Romania",Association Free Trade Agreement,12/10/1992,05/01/1993,yes,in force,NA
EFTA - Singapore,"EFTA (Iceland, Liechtenstein, Norway, Switzerland), Singapore",Association Free Trade Agreement,06/26/2002,01/01/2003,yes,in force,NA
EFTA - Slovak Republic,"EFTA(Iceland, Liechtenstein, Norway, Switzerland), Slovak Republic",Association Free Trade Agreement,03/20/1992,07/01/1992,yes,in force,NA
EFTA - Slovenia,"EFTA (Iceland, Liechtenstein, Norway, Switzerland), Slovenia",Association Free Trade Agreement,06/13/1995,07/01/1995,yes,in force,NA
EFTA - The Former Yugoslav Republic of Macedonia\n,"EFTA (Iceland, Liechtenstein, Norway, Switzerland), the Former Yugoslav Republic of Macedonia",Association Free Trade Agreement,06/19/2000,01/01/2001,yes,in force,NA
EFTA - Tunisia,"EFTA (Iceland, Liechtenstein, Norway, Switzerland), \r\nTunisia",Association Free Trade Agreement,12/17/2004,06/01/2005,yes,in force,NA
EFTA - Turkey,"EFTA (Iceland, Liechtenstein, Norway, Switzerland), Turkey",Association Free Trade Agreement,12/10/1991,04/01/1992,yes,in force,NA
EFTA Accession of Iceland,"Iceland, Liechtenstein, Norway, Switzerland",Regional/Plurilateral Free Trade Agreement,12/04/1969,03/01/1970,yes,in force,NA
EFTA-SACU,"EFTA (Iceland, Liechtenstein, Norway, Switzerland), SACU (Botswana, Lesotho, Namibia, South Africa, Swaziland)\r\n",Regional/Plurilateral Free Trade Agreement,06/26/2006,07/01/2006,yes,in force,NA
Egypt - Jordan,"Egypt, Jordan",Bilateral Free Trade Agreement,12/10/1998,N/A,no,in force,NA
Egypt - Palestine,"Egypt, Palestine",Bilateral Free Trade Agreement,02/19/1997,N/A,no,unknown,NA
Egypt - Turkey,"Egypt, Turkey",Bilateral Free Trade Agreement,12/27/2005,03/01/2007,yes,in force,NA
El Salvador - Honduras - Taiwan,"El Salvador, Honduras, Taiwan",Bilateral Free Trade Agreement,n/a,N/A,no,in force,NA
El Salvador - Panama\n\n,"El Salvador, Panama",Bilateral Free Trade Agreement,06/02/1970,N/A,no,in force,NA
Estonia - Faroe Islands,"Denmark, Estonia, Faroe Islands",Bilateral Free Trade Agreement,11/01/1997,12/01/1998,yes,expired,NA
Estonia - Hungary,"Estonia, Hungary",Bilateral Free Trade Agreement,11/04/1998,01/01/1998,yes,expired,NA
Estonia - Slovak Republic,"Estonia, Slovak Republic",Bilateral Free Trade Agreement,07/01/1996,02/12/1998,yes,expired,NA
Estonia - Slovenia,"Estonia, Slovenia",Bilateral Free Trade Agreement,11/26/1996,01/01/1997,yes,expired,NA
Estonia - Turkey,"Estonia, Turkey",Bilateral Free Trade Agreement,06/03/1997,06/01/1998,yes,expired,NA
Estonia - Ukraine,"Estonia, Ukraine",Bilateral Free Trade Agreement,05/24/1995,03/14/1996,yes,expired,NA
Eurasian Economic Community (EAEC),"Belarus, Kazakhstan, Kyrgyzstan, Russia, Tajikistan",Customs Union Primary Agreement,03/29/1996,10/08/1997,yes,in force,NA
Faroe Islands - Iceland,"Faroe Islands, Iceland",Bilateral Free Trade Agreement,08/06/1992,07/01/1993,yes,expired,NA
Faroe Islands - Iceland (2006),Iceland; Denmark; Faroe Islands,Bilateral Free Trade Agreement,08/31/2005,11/01/2006,yes,in force,NA
Faroe Islands - Norway,"Faroe Islands, Norway\r\n\r\n\r\n",Bilateral Free Trade Agreement,09/01/1992,07/01/1993,yes,in force,NA
Faroe Islands - Poland,"Denmark, Faroe Islands, Poland",Bilateral Free Trade Agreement,11/03/1998,06/01/1999,yes,expired,NA
Faroe Islands - Switzerland,"Faroe Islands, Switzerland",Bilateral Free Trade Agreement,01/12/1994,03/01/1995,yes,in force,NA
FYROM - Moldova,"Former Yugoslav Republic of Macedonia, Moldova",Bilateral Free Trade Agreement,01/28/2004,12/01/2004,yes,in force,NA
FYROM - Romania,"Former Yugoslav Republic of Macedonia, Romania\r\n",Association Free Trade Agreement,n/a,N/A,yes,expired,NA
FYROM - Turkey,"Former Yugoslav Republic of Macedonia, Turkey",Bilateral Free Trade Agreement,09/07/1999,09/01/2000,yes,in force,NA
FYROM - Ukraine,"Former Yugoslav Republic of Macedonia, Ukraine",Bilateral Free Trade Agreement,01/18/2001,07/05/2001,yes,in force,NA
GCC,"Gulf Cooperation Council (Bahrain, Kuwait, Oman, Qatar, Saudi Arabia, United Arab Emirates)",Regional/Plurilateral Free Trade Agreement,11/11/1981,03/01/1982,yes,expired,NA
Georgia - Kazakhstan,"Georgia, Kazakhstan",Bilateral Free Trade Agreement,11/11/1997,07/16/1999,yes,in force,NA
Georgia - Russia,"Georgia, Russia",Bilateral Free Trade Agreement,02/03/1994,05/10/1994,yes,in force,NA
Georgia - Turkey,"Georgia , Turkey",Bilateral Free Trade Agreement,11/21/2007,11/01/2008,yes,in force,NA
Georgia - Turkmenistan,"Georgia, Turkmenistan",Bilateral Free Trade Agreement,03/20/1996,01/01/2000,yes,in force,NA
Georgia - Ukraine,"Georgia, Ukraine",Bilateral Free Trade Agreement,01/09/1995,06/04/1996,yes,in force,NA
GSTP,"Algeria; Argentina; Bangladesh; Benin; Bolivarian Republic of Venezuela; Bolivia; Brazil; Cameroon; Chile; Colombia; Cuba; Ecuador; Egypt; Former Yugoslav Republic of Macedonia; Ghana; Guinea; Guyana; India; Indonesia; Iran, Iraq; Korea, Libyan Arab Jamahiriya; Malaysia; Mexico; Morocco; Mozambique; Myanmar; Nicaragua; Nigeria; Pakistan; Peru; Philippines; Romania; Singapore; Sri Lanka; Sudan; Tanzania; Thailand; Trinidad and Tobago; Tunisia; Vietnam; Zimbabwe",Regional/Plurilateral Free Trade Agreement,04/13/1988,04/19/1989,yes,in force,NA
Guatemala - Mexico,"El Salvador, Guatemala, Honduras, Mexico",Regional/Plurilateral Free Trade Agreement,06/29/2000,03/15/2001,yes,in force,NA
GUUAM,"Azerbaijan, Georgia, Moldova, Uzbekistan and Ukraine",Framework Agreement,06/07/2001,N/A,no,in force,NA
Honduras - Mexico,"El Salvador, Guatemala, Honduras, Mexico",Regional/Plurilateral Free Trade Agreement,06/29/2000,06/20/2001,yes,in force,NA
Honduras - Panama,"Honduras, Panama",Bilateral Free Trade Agreement,11/08/1973,11/08/1973,no,in force,NA
Hungary - Israel\n,"Hungary, Israel",Bilateral Free Trade Agreement,n/a,02/01/1998,yes,in force,NA
Hungary - Latvia,"Hungary, Latvia",Bilateral Free Trade Agreement,06/10/1999,01/01/2000,yes,in force,NA
Hungary - Lithuania,"Hungary, Lithuania",Bilateral Free Trade Agreement,11/13/1998,03/01/2000,yes,in force,NA
Hungary - Turkey,"Hungary, Turkey",Bilateral Free Trade Agreement,01/08/1997,04/01/1998,yes,in force,NA
IGAD,"Djibouti, Eritrea, Ethiopia, Kenya, Somalia, Sudan, Uganda",Framework Agreement,n/a,N/A,no,unknown,NA
India - Japan,"India, Japan",Bilateral Free Trade Agreement,02/04/1958,N/A,no,unknown,NA
India - Korea,,Bilateral Free Trade Agreement,08/07/2009,01/01/2010,,unknown,NA
India - Maldives,"India, Maldives",Bilateral Free Trade Agreement,n/a,03/31/1981,no,,NA
India - Mongolia,"India, Mongolia",Bilateral Free Trade Agreement,n/a,N/A,,,NA
India - Nepal\n,"India, Nepal",Bilateral Free Trade Agreement,12/06/1991,12/06/1991,no,in force,NA
India - Singapore,"India, Singapore",Bilateral Free Trade Agreement,06/29/2005,08/01/2005,yes,in force,NA
India - Sri Lanka,"India, Sri Lanka",Bilateral Free Trade Agreement,12/28/1998,12/15/2001,yes,in force,NA
India - Thailand,"India, Thailand",Bilateral Free Trade Agreement,n/a,N/A,no,,NA
Iran - Pakistan,"Iran, Pakistan",Bilateral Free Trade Agreement,03/04/2004,N/A,no,unknown,NA
Israel  - Romania,"Israel, Romania",Bilateral Free Trade Agreement,n/a,N/A,,expired,NA
Israel - Jordan,"Israel, Jordan",Bilateral Free Trade Agreement,10/25/1995,N/A,no,unknown,NA
Israel - Mexico,"Israel, Mexico",Bilateral Free Trade Agreement,04/10/2000,07/01/2000,yes,in force,NA
Israel - Poland,"Israel, Poland",Bilateral Free Trade Agreement,n/a,03/01/1998,yes,in force,NA
Israel - Slovak Republic,"Israel, Slovak Republic",Bilateral Free Trade Agreement,n/a,01/01/1997,yes,in force,NA
Israel - Slovenia,"Israel, Slovenia",Bilateral Free Trade Agreement,09/01/1998,09/01/1998,yes,unknown,NA
Israel - Turkey,"Israel, Turkey",Bilateral Free Trade Agreement,03/14/1996,05/01/1997,yes,in force,NA
Japan - Indonesia,"Indonesia, Japan",Bilateral Free Trade Agreement,08/20/2007,07/01/2008,yes,in force,NA
Japan - Mexico,"Japan, Mexico",Bilateral Free Trade Agreement,09/17/2004,04/01/2005,yes,in force,NA
Japan - Singapore,"Japan, Singapore",Bilateral Free Trade Agreement,01/13/2002,11/30/2002,yes,in force,NA
Japan - Switzerland,"Japan, Switzerland",Bilateral Free Trade Agreement,02/19/2009,09/01/2009,yes,in force,NA
Japan - Thailand,"Japan, Thailand",Bilateral Free Trade Agreement,04/03/2007,11/01/2007,yes,in force,NA
Japan - Vietnam,"Japan, Vietnam",Bilateral Free Trade Agreement,12/25/2008,10/01/2009,yes,in force,NA
Japan-Malaysia,"Japan, Malaysia",,n/a,N/A,,,NA
Japan-Philippines,"Japan, Philippines",Bilateral Free Trade Agreement,09/09/2006,12/11/2008,yes,in force,NA
Jordan - Morocco,"Jordan, Morocco",Bilateral Free Trade Agreement,03/10/1994,N/A,no,unknown,NA
Jordan - Singapore,"Jordon, Singapore",Bilateral Free Trade Agreement,05/16/2004,08/22/2005,yes,in force,NA
Jordan - Syria,"Jordan, Syria",Bilateral Free Trade Agreement,10/08/2001,N/A,no,unknown,NA
Jordan - Tunisia,"Jordan, Tunisia",Bilateral Free Trade Agreement,04/22/1998,N/A,no,unknown,NA
Jordan - United Arab Emirates (UAE),"Jordan, United Arab Emirates (UAE)",Bilateral Free Trade Agreement,05/21/2000,N/A,no,unknown,NA
Kazakhstan - Kyrgyzstan,"Kazakhstan, Kyrgyzstan",Bilateral Free Trade Agreement,06/22/1995,11/11/1995,yes,in force,NA
Kazakhstan - Ukraine,"Kazakhstan, Ukraine\r\n",Bilateral Free Trade Agreement,09/17/1994,10/19/1998,yes,in force,NA
Kyrgyzstan - Moldova,"Kyrgyzstan, Moldova",Bilateral Free Trade Agreement,05/26/1995,11/21/1996,yes,in force,NA
Kyrgyzstan - Russia,"Kyrgyzstan, Russia",Bilateral Free Trade Agreement,10/08/1992,03/24/1993,yes,in force,NA
Kyrgyzstan - Ukraine,"Kyrgyzstan, Ukraine",Bilateral Free Trade Agreement,05/26/1995,01/19/1998,yes,in force,NA
Kyrgyzstan - Uzbekistan\n,"Kyrgyzstan, Uzbekistan",Bilateral Free Trade Agreement,12/24/1996,03/20/1998,yes,in force,NA
Laos - Thailand,"Laos, Thailand",Bilateral Free Trade Agreement,06/20/1991,06/20/1991,yes,in force,NA
Latin American Integration Asssociation (LAIA) (ALADI),"Argentina, Bolivia, Brazil, Chile, Colombia, Ecuador, Mexico, Paraguay, Peru, Uruguay, Venezuela",,08/12/1980,03/18/1981,yes,in force,NA
Latvia - Poland,"Latvia, Poland",Bilateral Free Trade Agreement,n/a,06/01/1999,yes,in force,NA
Latvia - Slovak Republic,"Latvia, Slovak Republic",Bilateral Free Trade Agreement,04/19/1996,07/01/1997,yes,in force,NA
Latvia - Slovenia,"Latvia, Slovenia",Bilateral Free Trade Agreement,04/22/1996,08/01/1996,yes,in force,NA
Latvia - Turkey,"Latvia, Turkey",Bilateral Free Trade Agreement,06/16/1998,07/01/2000,yes,in force,NA
Lithuania - Poland,"Lithuania, Poland",Bilateral Free Trade Agreement,06/27/1996,01/01/1997,yes,in force,NA
Lithuania - Slovakia\n,"Lithuania, Slovakia",Bilateral Free Trade Agreement,11/27/1996,07/01/1997,yes,in force,NA
Lithuania - Slovenia,"Lithuania, Slovenia",Bilateral Free Trade Agreement,n/a,03/01/1997,yes,in force,NA
Lithuania - Turkey\n,"Lithuania, Turkey",Bilateral Free Trade Agreement,06/02/1997,03/01/1998,yes,in force,NA
Malaysia - Pakistan,"Malaysia, Pakistan",Bilateral Free Trade Agreement,11/08/2007,01/01/2008,yes,in force,NA
Mano River Union (MRU),"Liberia, Sierra Leone",Framework Agreement,10/03/1973,N/A,,unknown,NA
Mauritius - Pakistan,"Mauritius, Pakistan",Bilateral Free Trade Agreement,07/30/2007,11/30/2007,no,in force,NA
Melanesian Spearhead Group,"Papua New Guinea, Solomon Islands, Vanuatu \r\n\r\n",Regional/Plurilateral Free Trade Agreement,n/a,N/A,no,,NA
MERCOSUR,"Argentina, Brazil, Paraguay, Uruguay",Customs Union Primary Agreement,03/26/1991,11/29/1991,yes,in force,NA
MERCOSUR - Andean Community,"Argentina, Bolivia, Brazil, Colombia, Ecuador, Paraguay, Peru, Uruguay, Venezuela",Association Free Trade Agreement,04/16/1998,04/16/1998,no,unknown,NA
MERCOSUR - Bolivia,"MERCOSUR (Argentina, Brazil, Paraguay and Uruguay), Bolivia",Association Free Trade Agreement,12/17/1996,02/28/1997,no,unknown,NA
MERCOSUR - Chile,"Argentina, Brazil, Chile, Paraguay, Uruguay",Association Free Trade Agreement,06/25/1996,10/01/2000,no,in force,NA
Mercosur - India,"MERCOSUR (Argentina, Brazil, Paraguay, Uruguay), India\r\n",Bilateral Free Trade Agreement,01/25/2004,06/01/2009,yes,in force,NA
MERCOSUR - India,"Argentina, Brazil, Paraguay, Uruguay, India",Bilateral Free Trade Agreement,01/25/2004,06/01/2009,yes,in force,NA
Mexico - Nicaragua,"Mexico, Nicaragua",Bilateral Free Trade Agreement,12/18/1997,07/01/1998,yes,in force,NA
"Mexico - Triangulo Norte (El Salvador, Guatemala, Honduras)","Mexico, El Salvador, Guatemala, Honduras",Association Free Trade Agreement,06/29/2000,03/15/2001,no,in force,NA
Moldova - Bosnia & Herzegovina,"Moldova, Bosnia & Herzegovina \r\n",Bilateral Free Trade Agreement,n/a,N/A,no,in force,NA
Moldova - Montenegro - Serbia,"Moldova, Montenegro, Serbia\r\n",Association Free Trade Agreement,n/a,N/A,no,,NA
Moldova - Romania\n\n,"Moldova, Romania",Bilateral Free Trade Agreement,02/15/1994,01/01/1995,yes,in force,NA
Moldova - Ukraine,"Moldova, Ukraine\r\n",Bilateral Free Trade Agreement,11/13/2003,05/19/2005,yes,in force,NA
Morocco - Turkey,"Morocco, Turkey",Bilateral Free Trade Agreement,04/07/2004,01/01/2006,yes,in force,NA
Namibia - Zimbabwe,"Namibia, Zimbabwe",Bilateral Free Trade Agreement,n/a,N/A,no,,NA
New Zealand -Thailand,"New Zealand, Thailand",Bilateral Free Trade Agreement,04/19/2005,07/01/2005,yes,in force,NA
New Zealand-Singapore,"New Zealand, Singapore",Bilateral Free Trade Agreement,11/14/2000,01/01/2001,,,NA
North American Free Trade Agreement (NAFTA),"Canada, Mexico, United States",Regional/Plurilateral Free Trade Agreement,n/a,01/01/1994,yes,in force,NA
Pacific Island Countries Trade Agreement (PICTA),"Cook Islands, Fiji Islands, Kiribati, Marshall Islands, Micronesia, Nauru, Niue, Palau, Papua New Guinea, Samoa, Solomon Islands, Tonga, Tuvalu, Vanuatu.",Association Free Trade Agreement,08/18/2001,04/13/2003,yes,,NA
PAFTA,Bahrain; Egypt; Iraq; Jordan; Kuwait; Lebanon; Libyan Arab Jamahiriya; Morocco; Oman; Qatar; Saudi Arabia; Sudan; Syrian Arab Republic; Tunisia; United Arab Emirates; Yemen; Algeria; Palestinian Authority.,Regional/Plurilateral Free Trade Agreement,02/19/1997,01/01/1998,yes,in force,NA
Pakistan - Sri Lanka,"Pakistan, Sri Lanka",Bilateral Free Trade Agreement,08/01/2002,06/12/2005,yes,in force,NA
Palestine - Turkey,"Palestine Liberation Organization (Palestine Authority), Turkey",Bilateral Free Trade Agreement,07/20/2004,06/01/2005,yes,in force,NA
Panama - Taiwan,"Panama, Taiwan",Bilateral Free Trade Agreement,08/21/2003,N/A,no,unknown,NA
Peru - Singapore,"Peru, Singapore",Bilateral Free Trade Agreement,05/29/2008,08/01/2009,yes,in force,NA
Poland - Turkey,"Poland, Turkey",Bilateral Free Trade Agreement,10/01/1999,05/01/2000,yes,in force,NA
Protocol on Trade Negotiations (PTN),"Bangladesh, Brazil, Chile, Egypt, India, Israel, Republic of Korea, Mexico, Pakistan, Peru, Romania, Spain, Tunisia, Turkey, Uruguay, Yugoslavia.",Regional/Plurilateral Free Trade Agreement,12/08/1971,02/11/1973,yes,in force,NA
Romania - Turkey,"Romania, Turkey",Bilateral Free Trade Agreement,04/29/1997,02/01/1998,yes,in force,NA
Russian Federation - Ukraine,Russian Federation and Ukraine,Bilateral Free Trade Agreement,06/24/1993,02/21/1994,yes,in force,NA
SADC,"Angola, Botswana, Lesotho, Malawi, Mauritius, Mozambique, Namibia, South Africa, Swaziland, Tanzania, Zambia, Zimbabwe\r\n",Regional/Plurilateral Free Trade Agreement,08/24/1996,09/01/2000,yes,,NA
SADC-Revision,"Angola, Botswana, Congo, Lesotho, Malawi, Mauritius, Mozambique, Namibia, Seychelles, South Africa, Swaziland, Tanzania, Zambia, Zimbabwe",Regional/Plurilateral Free Trade Agreement,n/a,N/A,yes,,NA
SAFTA,"SAARC (South Asian Association for Regional Cooperation) (Bangladesh, Bhutan, India, Maldives, Nepal, Pakistan, Sri Lanka)",Regional/Plurilateral Free Trade Agreement,n/a,01/01/2006,,,NA
Serbia-Montenegro-Romania,"Serbia, Montenegro, Romania",Bilateral Free Trade Agreement,n/a,12/31/2006,,in force,NA
Singapore - Australia,"Australia, Singapore",Bilateral Free Trade Agreement,07/28/2003,10/01/2003,yes,in force,NA
Singapore - Korea,Singapore - Korea,Bilateral Free Trade Agreement,02/24/2006,03/02/2006,yes,in force,NA
Singapore - New Zealand\n\n,"New Zealand, Singapore",Bilateral Free Trade Agreement,11/14/2000,01/01/2001,yes,in force,NA
Singapore - Panama,"Panama, Singapore \r\n",Bilateral Free Trade Agreement,03/01/2006,07/24/2006,yes,in force,NA
Slovak Republic - Turkey,"Slovak Republic, Turkey",Bilateral Free Trade Agreement,10/20/1997,09/01/1998,yes,in force,NA
Slovenia - The Former Yugoslav Republic Of Macedonia\n,"Slovenia, The Former Yugoslav Republic of Macedonia",Bilateral Free Trade Agreement,07/01/1996,09/01/1996,yes,in force,NA
Slovenia - Turkey,"Slovenia, Turkey",Bilateral Free Trade Agreement,05/05/1998,06/01/2000,yes,in force,NA
South Asian Preferential Trade Arrangement (SAPTA),"Bangladesh, Bhutan, India, Maldives, Nepal, Pakistan, Sri Lanka",,04/11/1993,12/07/1995,yes,in force,NA
South Pacific Regional Trade and Economic Cooperation Agreement (SPARTECA),"Australia, Cook Islands, Fiji, Kiribati, Nauru, New Zealand, Niue, Papua New Guinea, Solomon Islands, Tonga, Tuvalu, Western Samoa",,07/14/1980,01/01/1981,yes,in force,NA
Southern African Customs Union (SACU),"Botswana, Lesotho, Namibia, South Africa, Swaziland\r\n\r\n\r\n",Customs Union Primary Agreement,10/21/2002,07/15/2004,yes,in force,NA
Syria - Turkey,"Syria, Turkey",Bilateral Free Trade Agreement,12/23/2004,01/01/2007,yes,in force,NA
Tajikistan - Ukraine,"Tajikistan, Ukraine\r\n",Bilateral Free Trade Agreement,06/06/2001,07/11/2002,yes,in force,NA
Trans-Pacific Strategic Economic Partnership,Brunei Darussalam; Chile; New Zealand; Singapore,Regional/Plurilateral Free Trade Agreement,07/18/2005,05/28/2006,yes,in force,NA
Tunisia - Turkey,"Tunisia, Turkey",Association Free Trade Agreement,11/25/2004,07/01/2005,,in force,NA
Turkey - Bosnia and Herzegovina,"Turkey, Bosnia and Herzegovina",Bilateral Free Trade Agreement,07/03/2002,07/01/2003,yes,in force,NA
Turkey - Israel,"Israel, Turkey",Bilateral Free Trade Agreement,03/14/1996,05/01/1997,yes,in force,NA
Turkmenistan - Ukraine,"Turkmenistan, Ukraine",Bilateral Free Trade Agreement,11/05/1994,11/04/1995,yes,in force,NA
Ukraine - Uzbekistan,Ukraine and Uzbekistan\r\n,Bilateral Free Trade Agreement,12/29/1994,01/01/1996,yes,in force,NA
United States - Albania,"United States of America, Albania",Bilateral Free Trade Agreement,01/11/1995,01/04/1998,no,in force,NA
United States - Australia,"United States, Australia",Bilateral Free Trade Agreement,05/18/2004,01/01/2005,yes,in force,NA
United States - Bahrain,"United States, Bahrain",Bilateral Free Trade Agreement,09/14/2005,08/01/2006,yes,in force,NA
United States - CAFTA,"Costa Rica, El Salvador, Guatemala, Honduras, Nicaragua, United States of America",Regional/Plurilateral Free Trade Agreement,05/28/2004,11/01/2004,,signed - not yet in force,NA
United States - Chile,"Chile, United States",Bilateral Free Trade Agreement,06/06/2003,01/01/2004,yes,in force,NA
United States - Israel,"Israel, United States",Bilateral Free Trade Agreement,04/22/1985,08/19/1985,yes,in force,NA
United States - Jordan,"Jordan, United States",Bilateral Free Trade Agreement,10/24/2000,12/17/2001,yes,in force,NA
United States - Morocco,"United States, Morocco",Bilateral Free Trade Agreement,06/15/2004,01/01/2006,yes,in force,NA
United States - Oman,"United States, Oman",Bilateral Free Trade Agreement,01/19/2006,01/01/2009,yes,in force,NA
United States - Peru,"United States of America, Peru",Bilateral Free Trade Agreement,04/12/2006,02/01/2009,yes,in force,NA
United States - Singapore,"United States, Singapore",Bilateral Free Trade Agreement,05/06/2003,01/01/2004,yes,in force,NA
United States - Vietnam,"United States of America, Vietnam",Bilateral Free Trade Agreement,07/13/2000,12/10/2001,no,in force,NA
WAEMU,"Bénin, Burkina Faso, Côte d'Ivoire, Mali, Niger, Sénégal, Togo \r\n",,01/10/1994,01/01/2000,yes,in force,NA
